{"name":"body","lightBBx":0.0,"lightBBy":5.0,"lightBBw":32.0,"lightBBh":32.0,"originX":50.0,"originY":45.0,"texture":"t1","animations":{"default":[{"length":1.0,"x":0.0,"y":0.0,"rotation":0.0,"size":1.0,"opacity":1.0}]},"children":[{"name":"head","lightBBx":0.0,"lightBBy":0.0,"lightBBw":20.0,"lightBBh":20.0,"originX":55.0,"originY":55.0,"texture":"t2","animations":{"default":[{"length":0.5,"x":0.0,"y":50.0,"rotation":0.0,"size":0.7,"opacity":1.0},{"length":0.5,"x":0.0,"y":40.0,"rotation":0.0,"size":0.7,"opacity":1.0},{"length":0.5,"x":0.0,"y":50.0,"rotation":0.0,"size":0.7,"opacity":1.0}]},"children":[]}]}